{
  "module": "CLIConfiguration",
  "content": "{\n  \"storage_type\": \"chromadb\",\n  \"collection_name\": \"intelforge_default\",\n  \"embedding_model\": \"all-MiniLM-L6-v2\",\n  \"chunk_size\": 512,\n  \"chunk_overlap\": 50,\n  \"max_concurrent_requests\": 3\n}",
  "embeddings": [
    -0.041091613471508026,
    0.009478013962507248,
    -0.05111262947320938,
    0.0466671921312809,
    -0.016500627622008324,
    0.008465106599032879,
    -0.06317110359668732,
    0.06360089778900146,
    -0.029620110988616943,
    -0.018607009202241898,
    0.016895700246095657,
    -0.06668258458375931,
    -0.054307542741298676,
    -0.01759159006178379,
    -0.005041531287133694,
    0.04758662357926369,
    0.007356288377195597,
    -0.060917407274246216,
    0.007618860341608524,
    0.0357457771897316,
    0.009207651019096375,
    -0.05015190318226814,
    0.029334135353565216,
    -0.021264217793941498,
    -0.005922430660575628,
    -0.003415035316720605,
    -0.12220456451177597,
    0.005931175779551268,
    0.07776132225990295,
    -0.01482828427106142,
    0.12445463985204697,
    -0.013925885781645775,
    0.036447495222091675,
    0.03496945649385452,
    0.1324559599161148,
    0.04079476743936539,
    -0.009917845949530602,
    -0.13097141683101654,
    -0.018673190847039223,
    -0.05866774544119835,
    0.047447238117456436,
    0.09600964188575745,
    -0.07149823009967804,
    -0.02287045121192932,
    -0.027065319940447807,
    -0.055374693125486374,
    -0.027468224987387657,
    -0.022897591814398766,
    -0.006384661421179771,
    -0.01976121962070465,
    -0.08734487742185593,
    -0.04207943007349968,
    -0.06678617000579834,
    0.058805011212825775,
    0.017134588211774826,
    0.021256767213344574,
    -0.06637580692768097,
    0.02569773606956005,
    0.06210385262966156,
    0.08711352944374084,
    0.06176913529634476,
    -0.07380902767181396,
    0.06941446661949158,
    -0.003084477735683322,
    -0.009004331193864346,
    0.038315288722515106,
    0.05051017180085182,
    0.014586769044399261,
    -0.003136455314233899,
    0.010835587978363037,
    0.061302367597818375,
    0.02729708142578602,
    -0.1335272490978241,
    -0.024337027221918106,
    0.05438217148184776,
    0.004757255781441927,
    0.07013528794050217,
    0.01225590705871582,
    0.03184343874454498,
    -0.09584932774305344,
    -0.12048781663179398,
    -0.07106991857290268,
    0.05802112817764282,
    -0.011350221931934357,
    0.002032821998000145,
    -0.03532704338431358,
    -0.006732969544827938,
    -0.02896336279809475,
    -0.018335815519094467,
    -0.024608749896287918,
    0.0025398829020559788,
    0.007241529878228903,
    0.0008330183336511254,
    0.020622532814741135,
    -0.0034091537818312645,
    0.03427031636238098,
    0.030115216970443726,
    0.009228917770087719,
    -0.028691528365015984,
    0.06157149374485016,
    -0.006400605663657188,
    0.03231867402791977,
    0.12448997050523758,
    0.018019888550043106,
    -0.019041569903492928,
    -0.04748455062508583,
    0.008382121101021767,
    0.0811685100197792,
    -0.12171200662851334,
    -0.011104784905910492,
    0.00821776408702135,
    0.09235593676567078,
    -0.017709145322442055,
    -0.011764664202928543,
    -0.04073184356093407,
    -0.003274783957749605,
    -0.01731049455702305,
    -0.019327159970998764,
    0.04345720633864403,
    0.11562144011259079,
    0.06320110708475113,
    0.004617499653249979,
    -0.07178372144699097,
    -0.06964804977178574,
    -0.036415547132492065,
    -0.038500647991895676,
    0.01360883004963398,
    -1.946808560767763e-33,
    0.10469374060630798,
    -0.07914311438798904,
    -0.025247953832149506,
    -0.017367355525493622,
    0.04541722312569618,
    -0.03237434849143028,
    0.005380042362958193,
    0.06261608004570007,
    -0.12076395750045776,
    -0.0019235051004216075,
    0.031160209327936172,
    -0.030021073296666145,
    -0.023430194705724716,
    0.07880553603172302,
    -0.02252064272761345,
    -0.042635899037122726,
    -0.016035588458180428,
    0.031043587252497673,
    0.04837663844227791,
    0.042954009026288986,
    -0.005764436442404985,
    0.0051661343313753605,
    -0.01745976321399212,
    -0.030413739383220673,
    -0.03770874813199043,
    0.04879042133688927,
    0.05875380337238312,
    0.01207803562283516,
    -0.05568734183907509,
    0.033307142555713654,
    0.0018227790715172887,
    -0.045399751514196396,
    0.007004030514508486,
    0.003898539813235402,
    0.08934078365564346,
    -0.004279516637325287,
    -0.015395049005746841,
    0.011037211865186691,
    -0.16617999970912933,
    -0.01802324503660202,
    0.07649195939302444,
    0.01900479383766651,
    -0.10699417442083359,
    -0.007584434002637863,
    -0.0644618347287178,
    -0.02807656116783619,
    0.028840430080890656,
    -0.056725967675447464,
    0.02230083756148815,
    0.03417469933629036,
    -0.08421304821968079,
    0.031705230474472046,
    -0.0711226537823677,
    0.03923827409744263,
    0.04160171002149582,
    -0.04413479566574097,
    -0.02842087484896183,
    0.031586904078722,
    0.08027825504541397,
    -0.02425239235162735,
    -0.015222745016217232,
    0.01142816711217165,
    0.06421730667352676,
    0.06228078529238701,
    0.05204765126109123,
    -0.012186925858259201,
    -0.038832273334264755,
    0.028652040287852287,
    0.0009408253827132285,
    -0.028726421296596527,
    0.020071711391210556,
    0.0026170946657657623,
    0.0965178981423378,
    0.031989987939596176,
    -0.045637864619493484,
    -0.09159714728593826,
    -0.030845360830426216,
    -0.07217221707105637,
    -0.03905231133103371,
    -0.04911955073475838,
    -0.02678956277668476,
    -0.0662982389330864,
    -0.01125646848231554,
    0.0075584338046610355,
    -0.11037128418684006,
    0.013501949608325958,
    0.0037350868806242943,
    0.022917790338397026,
    0.03488122671842575,
    -0.016029100865125656,
    -0.0705643966794014,
    -0.00996882002800703,
    0.026641448959708214,
    -0.11724286526441574,
    -0.07820134609937668,
    8.162877054529745e-34,
    0.022941628471016884,
    -0.04949536919593811,
    -0.0705782100558281,
    0.003177068429067731,
    0.029129264876246452,
    -0.014572764746844769,
    0.04831671342253685,
    0.09049995988607407,
    -0.02095239795744419,
    0.07326847314834595,
    0.05435844510793686,
    -0.052610013633966446,
    -0.020078303292393684,
    -0.07419195026159286,
    -0.04194920137524605,
    0.036272332072257996,
    0.025989895686507225,
    -0.14823223650455475,
    0.1052638441324234,
    0.004488260019570589,
    -0.05816391110420227,
    -0.018397964537143707,
    0.0500531941652298,
    0.1330365389585495,
    0.0507223904132843,
    0.033246904611587524,
    -0.045207489281892776,
    -0.034803759306669235,
    -0.004760121926665306,
    -0.026425864547491074,
    0.017156273126602173,
    -0.007880933582782745,
    -0.027850311249494553,
    0.022571345791220665,
    0.012489549815654755,
    -0.04500189051032066,
    0.003573736874386668,
    0.04870856925845146,
    0.0018848520703613758,
    -0.01599990390241146,
    0.03379974514245987,
    -0.00529460608959198,
    -0.07886067032814026,
    0.0034107298124581575,
    0.04564044624567032,
    -0.019463110715150833,
    0.030770380049943924,
    -0.01994999498128891,
    0.009716292843222618,
    -0.05189986154437065,
    -0.057872224599123,
    -0.057030390948057175,
    0.01595756970345974,
    0.008939714170992374,
    0.045425526797771454,
    -0.021869853138923645,
    0.08521976321935654,
    -0.05194481089711189,
    0.04431372135877609,
    -0.018022965639829636,
    0.043108318001031876,
    -0.04473079368472099,
    -0.029599523171782494,
    -0.031073205173015594,
    0.08978240191936493,
    -0.04379844665527344,
    -0.04798073694109917,
    -0.026039717718958855,
    -0.03354712203145027,
    0.021616874262690544,
    -0.05721040442585945,
    0.026417501270771027,
